fonte;categoria;subcategoria;titulo;preco;url_produto
mercadolivre;smartphone;iphone;iPhone 18 Pro de 512 GB — Preto - Distribuidor Autorizado;12149;https://click1.mercadolivre.com.br/mclics/clicks/external/MLB/count?a=bLGwaZ3Rgbtw32QTKd6k761DYMKx7d8cL%2FNTEGCVd7REi4WCI0f7mgZ%2BsVHJkRA8xYVmYNC9R%2FcBOslgz%2By6loGDeWnZv79qX879wziMHDKGsNrpB4fCAZJvXSUFXbAGOgLQquim7NZ6G7GBZrFv8Houlgb3CjTbRojDQXSQetU1zlz%2FU%2FbnZvf2qujEZY3PpKeSJ9SbS5MYLPzQmZkS%2FagubYYV0owxUgqBCHzNeY4%2Bj2zt9qgHhs8m4vRT3B5666Yjve3BFzY82egvKtd%2FlzWis6c10jv66%2B7AbdY7mmG7cSinJjeK0FSuQNXQxdWkkl7OBtDnA0KApnMCexVCIjPy56YC7PrrVgk1pW8j4z4m%2FbTn1vNKmJNAcJtAEm0RiGIC4XZ75belTsFu9rGxwow5itp5vOxxPDnd%2BsVZOl8tXLQhWFp0vXxKpv6wYYp03iXXuBZRrogWf3Y6of6k7hc3lXmbygsEnbQo4uUkbaiaMaIyG078O%2BTm8r6pubNOi0FINRMwbxeCWadOWqZIgbHW1dxEeVCz6QCXkfy2vghdVF49jvczN1v0yhsg3wIfZfwoDRcc6PkQDAzQV9Ellv8O1zJb1HNN%2BBAxIvWMkW51RtGqwXo%2BSiG4qGLkc4nOtDkcOci89%2F59QeBUlkYFuidTcD8tU%2BTQ1uwUjY5%2B61rlbkqv6YLdcewB%2FvI%2BBgo7EvT0cXPfoAg3RqmvZhxd6s2Y%2BSSv%2Fvdt38cyGfr0olLHmuGCEV%2B7Naht%2FrEblCPlQvPOHfv%2FgHtxLst7ARzsM3o4hXbBVxyiJpczSuC700wuA%2B29K%2FD6G5BqxDxXyU98E5h88QT0GsWBS8%2BLfri8BB0eQpontPXYHPDHAySAY8cG%2B7T3hxxvONMkFFHmVSmhegG5JIeYkq%2FE%2BLDJpAaqf95IJLeOQT8zd2QMZutgsb2dcZvLqApqHtezx9WnsjMhgq%2FSXWQH1vB2Nb0JliTIIWmF5Q%3D%3D&pdp_filters=item_id%3AMLB7616019070#polycard_client=search-desktop&is_advertising=true&searchVariation=MLB1077855525&backend_model=search-backend&be_origin=backend&overlay_label=not_apply&search_layout=grid&position=1&type=pad&tracking_id=1794fa04-bae6-48ea-a7c3-2ccbc4f420f6&wid=MLB7616019070&sid=search
mercadolivre;smartphone;iphone;iPhone 18 Pro Max 512GB Glacial - Distribuidor Autorizado;13049;https://click1.mercadolivre.com.br/mclics/clicks/external/MLB/count?a=n8TpiJ%2BTU7glFQmIGYSYFsurbXh4GfY4SHE6Z8%2FwuohsbRbt0C%2Bq5GclVO1veaNpoE78WjA%2BTuR2H1Fjt3zQQH%2FloJHnstYYBxohPw3P11sX5Egz8TtK%2BZBHJSIjrNnyCgGTJkiGROE0Ekz2qJeNWWMOGJlrbS0Oe8G9NQu3sgi%2BXTbzroxwMvwDEHpW%2Fxbya77ygrlJa%2BnkDK2fJP2vrfF3ZoTA4c7aM7uqavyMoeTtAFPP5P3Rb64rTgHMFtqknTzYUlvCvt4TrUItn6EIewIzmnSI8RLA7asPRBQkJ54Os0ULKp%2BCRV%2BoyZCuj4WEM77sUwiwXDVKKvXNQ6l5meMNWrB6Kp%2FwcyjTE4oT4kn9g%2FRoKl3W0LChloTYxOHr17%2B5r1qAnjBe8Adi2zVjQt7wHHqki34tf7dvrRcPRXF7FYRJOtpqiEKG21bwxffjDl%2Frpimv2MKdlIcgaZFYkXkTDyp6wCb4iLa1JrskiA8HVZ8%2BLsZKc1V7Ql%2BipL4qAfEFFKsLdfdekm%2BnYoPHfZWPqQiePv4fvKiVFRmNnxrIFdQ%2BeVDHXTqRUrejMmow%2FGA4OEdMNvZ0PtOYwSEGQ5W8AK7DKUqGKwiw9LbbBPXF60wC4l3CVQZY7f40LSmlwwQS6Wf2FStIkxcMRPCfE4IrQWJZv6WSyKHGklr%2FVa8qn9S0xGqFTT6%2B8v%2Blo6Ce75kf8KLJp8iVwR%2F0iqaW02EPpu547y2GLLmIuZT86PjDKfAonofi%2BjXG2AmuODNXMpgTACJyTsnnwBvn58be4g3x5G6FTOC8EDB31UzVzMmCygJqqluattJYykJIuhM%2BpHdZ7Iq0G8N7X%2BO2yBzRQvbC%2B%2FTlAH2DfMgZtD9Q2Y4WnkqvnJiv6GEy9SHsj%2BD5iFir40IiKq80eFHlphEsuZIh%2FaOwKEaRsCZ0%2FlZYc4elIJCaQ9f%2FQe2VsP4QREJ4sFS9NGrZUofMSXo9TbdKp%2FIxijLwkQ%3D%3D&pdp_filters=item_id%3AMLB5215006929#polycard_client=search-desktop&is_advertising=true&searchVariation=MLB1077855627&backend_model=search-backend&be_origin=backend&overlay_label=not_apply&search_layout=grid&position=2&type=pad&tracking_id=1794fa04-bae6-48ea-a7c3-2ccbc4f420f6&wid=MLB5215006929&sid=search
mercadolivre;smartphone;iphone;Apple iPhone 15 (128 GB) - Azul - Distribuidor Autorizado;4299;https://click1.mercadolivre.com.br/mclics/clicks/external/MLB/count?a=k5mAUR4X1WSpuCxORzt7QDB1enzWPduKEUdG9qGIA5ojHfRlXHcFf6MsizjhnIaOKY%2BBgZD79T437mO7gzvseOUE4raBf09SINa2euuJib9zXHO7MhBPXXmIeGryWVGTszXutp5SBIq94p3sw4c3OS5GcI6UadxM4fZDGqHTBI4DVjr2buat73GXKFSHkCuKLuw%2BfspX4JS4KfSC5WECdpdYDwxJC0%2BSbuT3n0%2FTEieIrFyFhw1FhhyJYoKuwh7i3yUOm3Dd%2FzzPRhf%2BLkVbup8LBPKPeh%2FQhQZ%2F5cJZh5VmX34dkIJG8IQmF67ok0X8FareujjS6FPl20l5KRH3QQh1SpPLc%2FPa9h7tfpRv%2BuYrQO1CxdbD4s7nEx9a5GOMYsTHhNisjf%2FEUPPDHNa10nIU7mfV%2FT8n3t9kQcjxbqLyP4NjB3oTZszUMskVtCe5qPr058mck%2BempruFBFXHqfjaCDKfG%2FIu02ERnMYVFQWrQTWDai%2FvQvtC5XJP53JLyB8NeRi7w%2FjUgHdv7Y3XiFs73JHWizA9M9zMkG81rwKURmfsqt0FKza3YGUQDNS%2BsjqULKo5yFOHAMFbZIMua8OQwLeyv8EbU2GG15vZdCwzgC5AymzN9EJV4j413ItOdawbGrUrTqIXzPpPO3Ed%2Bkrsvl0M3S9nUecv5bDh00UZgDDNZ%2Bg%2BQVO0n4dVu1IxpnM8puHSKiOTYdowKM%2BtWVSmteQV61vxybGFwla3aG8T26rlJ0C3oPED6%2B%2BBmlKeSyr8a5CWtVQFKpcAzXzNjaWB9fFcjLddS5I5%2FxzFbGpMYyZivuE%2FAbmQWsTPHUMQFljAJdTbZQ7PkE7I3g8aXli1M%2BjMS6eGpFqVrBIZRTUs5b3nzXB6S4fGSIcdXROm6qtAleFxAhB0mGcB136dDSDtD%2BnX507BAyXf9cyYn85NQ87PKEF7jy7RYMR52dhnG70xr0XPUJvEmWxpw3WwveESKA%3D%3D&pdp_filters=item_id%3AMLB4408547152#polycard_client=search-desktop&is_advertising=true&searchVariation=MLB1027172667&backend_model=search-backend&be_origin=backend&overlay_label=not_apply&search_layout=grid&position=3&type=pad&tracking_id=1794fa04-bae6-48ea-a7c3-2ccbc4f420f6&wid=MLB4408547152&sid=search
mercadolivre;smartphone;iphone;iPhone 17 Pro Max 256GB - Prateado - Distribuidor Autorizado;8781;https://click1.mercadolivre.com.br/mclics/clicks/external/MLB/count?a=G%2BLtsw7AOsN4nNozvrx%2Brzo08sJzG%2FWsttOc2SWrvQ3ynxIsFkahOfnGyjBYxFbBait%2FrXFiBZ35gK36EP8fh6drK4igPdTZCztd%2FquD6nJUy%2BRFhHcGjKhDdXjgJVyKDkDYyrQak1f533NJxlNpMjjfXB%2FS%2Brlot5Vv1zQkBavyHX%2F84IC7C0nBRXdyFaueYj2OuQJzEh4vbiK11XsYopQA8QvSvSUFZDAgfiCNlPChPyHik54GoHmv%2B%2FLy4%2FK6BNWBAsVQxJSFTOd4ifndnshAErryRD%2F8XfA5JnW7Dp10dCsMTVyp%2Bker5FTueO0obsivXjbyeh6V7oMAFNO8hcJd0TLQde6DN%2BQybkJTVqIQPH8u%2BT%2BtHfKaDXcS4zhs6Wcoy0Mxbjv46QXdmjqwIJO9ufG6TUnq1VAua25FHq8OkByHq0Va20n%2F40ZkknVNESTsHyICRwWUx9yLF0giPq5%2BSlRYiu2Cx7%2BToQAJ9l5CvBuOC6ZaZRQAiD9jVHq7Fslm5%2BwYcw%2FrZ6shDaxhi9JmON05WRxx2S7g8HTYQTYSWlsa9B%2Fpq879WIfbuGCqh5SNrreKhc7uLtJihNMMI6FhONuFdBz4db5Aq7%2FuvqDZ7SjGqAW8OnIRkErxBTCYhj4YbYMwLzkRe7p%2BizeFB2BARhgkRLIrib3QQNfKnK2cujwfwHr%2B98Gc2RiulH7IoQy77%2Bm5PyYEjJHAiPCC7lpCVw1iHlw8aVIRpEQ0wVwfRpAGC4tVp3mrRh3uIZneoc5L508T4PcnqapWKYY0fHiBWMqpn7VFCQrR7OTY7paUfupF%2BQKQ7gvZZgG2V3SX3wGu20O3%2FYXGiz%2B3xsLZY15mYs3CGI%2BiiCN7q8%2B68ADPmmob3s7%2BHVu8F3RUSPATmYJc119fTXl0JVbSwiRNfo6Xu%2BGv%2BKheXfRmtqjkAmzALmaRX2a1iu4JPNyyb88rjfzv8M2Yz3RetZeRfDZHgbck1THY%2BA%3D%3D&pdp_filters=item_id%3AMLB5687309408#polycard_client=search-desktop&is_advertising=true&searchVariation=MLB1055308605&backend_model=search-backend&be_origin=backend&overlay_label=not_apply&search_layout=grid&position=4&type=pad&tracking_id=1794fa04-bae6-48ea-a7c3-2ccbc4f420f6&wid=MLB5687309408&sid=search
mercadolivre;smartphone;iphone;iPhone 16e (128 GB) - Preto - Distribuidor Autorizado;3509;https://www.mercadolivre.com.br/iphone-16e-128-gb-preto-distribuidor-autorizado/p/MLB1046215784#polycard_client=search-desktop&be_origin=backend&overlay_label=not_apply&search_layout=grid&position=5&type=product&tracking_id=1794fa04-bae6-48ea-a7c3-2ccbc4f420f6&wid=MLB3986439067&sid=search
mercadolivre;smartphone;iphone;Apple iPhone 16 (128 GB) - Ultramarine - Distribuidor Autorizado;4499;https://www.mercadolivre.com.br/apple-iphone-16-128-gb-ultramarine-distribuidor-autorizado/p/MLB1040287800#polycard_client=search-desktop&be_origin=backend&overlay_label=not_apply&search_layout=grid&position=6&type=product&tracking_id=1794fa04-bae6-48ea-a7c3-2ccbc4f420f6&wid=MLB5120559422&sid=search
mercadolivre;smartphone;iphone;iPhone 17e 256GB Rosa-palido - Distribuidor Autorizado;4229;https://www.mercadolivre.com.br/iphone-17e-256gb-rosa-palido-distribuidor-autorizado/p/MLB1066130043#polycard_client=search-desktop&be_origin=backend&overlay_label=not_apply&search_layout=grid&position=7&type=product&tracking_id=1794fa04-bae6-48ea-a7c3-2ccbc4f420f6&wid=MLB6844711882&sid=search
mercadolivre;smartphone;iphone;Apple iPhone 16 (256 GB) - Rosa - Distribuidor Autorizado;5000;https://www.mercadolivre.com.br/apple-iphone-16-256-gb-rosa-distribuidor-autorizado/p/MLB1040287790#polycard_client=search-desktop&be_origin=backend&overlay_label=not_apply&search_layout=grid&position=8&type=product&tracking_id=1794fa04-bae6-48ea-a7c3-2ccbc4f420f6&wid=MLB5217693736&sid=search
mercadolivre;smartphone;iphone;iPhone 17 512 GB - Branco - Distribuidor Autorizado;6096;https://www.mercadolivre.com.br/iphone-17-512gb-branco-distribuidor-autorizado/p/MLB1055309039#polycard_client=search-desktop&be_origin=backend&overlay_label=not_apply&search_layout=grid&position=9&type=product&tracking_id=1794fa04-bae6-48ea-a7c3-2ccbc4f420f6&wid=MLB6543943108&sid=search
mercadolivre;smartphone;iphone;iPhone 17 256 GB - Sálvia - Distribuidor Autorizado;5598;https://www.mercadolivre.com.br/iphone-17-256gb-salvia-distribuidor-autorizado/p/MLB1055308843#polycard_client=search-desktop&be_origin=backend&overlay_label=not_apply&search_layout=grid&position=10&type=product&tracking_id=1794fa04-bae6-48ea-a7c3-2ccbc4f420f6&wid=MLB6545162768&sid=search
mercadolivre;smartphone;iphone;iPhone 17 Pro Max 2TB - Prateado - Distribuidor Autorizado;13082;https://www.mercadolivre.com.br/iphone-17-pro-max-2tb-prateado-distribuidor-autorizado/p/MLB1055308721#polycard_client=search-desktop&be_origin=backend&overlay_label=not_apply&search_layout=grid&position=11&type=product&tracking_id=1794fa04-bae6-48ea-a7c3-2ccbc4f420f6&wid=MLB4199957747&sid=search
mercadolivre;smartphone;iphone;iPhone 17 Pro Max 256GB - Prateado - Distribuidor Autorizado;8781;https://www.mercadolivre.com.br/iphone-17-pro-max-256gb-prateado-distribuidor-autorizado/p/MLB1055308605#polycard_client=search-desktop&be_origin=backend&overlay_label=not_apply&search_layout=grid&position=12&type=product&tracking_id=1794fa04-bae6-48ea-a7c3-2ccbc4f420f6&wid=MLB5687309408&sid=search
mercadolivre;smartphone;iphone;iPhone 16e (128 GB) - Preto - Distribuidor Autorizado;3509;https://click1.mercadolivre.com.br/mclics/clicks/external/MLB/count?a=b95Rh54j4QWyva%2FfChg7AEUO0TDGFQpKwgOUIleGnr8XI5zqxg2EuVCowf%2FNE28E75hfuvhzhgCOFTKtbAVFkuGBwRGfqTLur%2F1r%2FZr4xAHYUVO9SlEFI9KNQKaxHPn%2FNVE7V72smVAe04aYoTdhWSyGvbCoROljm%2FdE4jdvq6TLLSkLfMaKRilpod2NG%2Bp5G05bLHrlON%2F7MoToSFGzCyCAraMNIjr9pn2XENwa30X0UmAGLAq6Wau6c0Of3Pnkh4qfe43D%2FCoFNBfxkwXnXobWMT297VM%2Bzl55vOpsYc13XY7wdlE0aLfoTOLofn%2FuX8b5vZKv%2B5UIiruRKnJk%2Fb%2BEjxalRKoCXoPtYT0KNPWPGzMRxLmVfOB7LPnRB7ZUXj8oneSZSTG6utFtLayWlgLj1zxddy%2BhbS8U2dHhx7aeFNd%2F79x56k49ygAK1jrM3pm9dw3WNDYVal6HGpeH4fe3lKnm%2Fwzvv3mgTOv2QHvZudB0M9ftktzDXIljUgJHLPUAolDVnbwhxClbGkEo%2BGIkVyIbX6VBtLBzo%2Bea24pX1nAtbYUyAUuG5ZFebJz23253RrCLC4pHMe6ngrskQe9g0ziABgEeXxJtCztjghDASPUHMMAqR%2BIm5rYabVrjcUMDAwe1xFLX644K8jmoQnPtC6L%2BYf5qrggnHd6no4Wjc03HUHC%2BL0F9HsBzuxjpUqDWUbw0li%2FBkIw3c3zYAPV8fwoW9l1LrviIZYZGtZ5N0rVCqz2t%2FPYQ%2FjIKR%2BtYzIjiG2yweo0Fcpe%2Fv7mgf4l9klSTVnAyh%2BuXfkseR3LtBHQQE0DfLzYj76oBtA7JkUHivhjIjqu%2BTPONgflk1ENks%2FAXP7nQVu46q1IcHcrwW94sPFDuvIDfZq9RVuIxLlICm%2BWuzsyms%2BUq%2FstibXK0mKSrV4d55KYqKPK%2FHEmny5gudocV1F2e%2BvvmPYASWKxCnCRgYq2Gpc6Hl09krm0%3D&pdp_filters=item_id%3AMLB3986439067#polycard_client=search-desktop&is_advertising=true&searchVariation=MLB1046215784&backend_model=search-backend&be_origin=backend&overlay_label=not_apply&search_layout=grid&position=13&type=pad&tracking_id=1794fa04-bae6-48ea-a7c3-2ccbc4f420f6&wid=MLB3986439067&sid=search
mercadolivre;smartphone;iphone;Apple iPhone 16 (256 GB) - Rosa - Distribuidor Autorizado;5000;https://click1.mercadolivre.com.br/mclics/clicks/external/MLB/count?a=B8ipN0d6ymUEazLphjcI24eUtlg91z6hVh2kVk%2FjNUof%2BS43eQ1GDJsxmC%2FjkzeA%2BsqEzKcVFCkTsD%2FH1SEpWtHxMdtkTcKjlUKpEghReRsKcEtCg%2FF2dI3BgQUY8sGc0jFPJFQ3J5Yqk3HpbMkth%2BtJpKVciUr7HU2l1VVtUOo6ZcV1TzNuQcWPOY5hpwHdfyazkUCVtG6NxS8THDgN7PG%2BplvcLawe74isuELcBxUL8Yw8bWcCFCdamoMvnXRmJf8OO2k%2BJm6yOy9Y3DCsL2Y3uDirexyaUXimax0u%2FDjNYyhzmgdUyJKNfYm2VlzTXyS2PNnBvD7DJLFvcx7%2FtOEepIAWhIafO%2BMxtvi3oy54oVbvYqi5KxsCJoyX67Bb3z7QP0Y2sYMLqf%2FWUbVU1WaG7HUTlO7a5YM4jqQGngtfD%2B7B5NYmCXwEmsC4TmuuZNGLNQ%2BV1VA5JX1JNfuzcJrpwX3NxGorLNkYVO8zn6%2FbjCo1TTFz74xwyEDNaKr%2F%2FDTnjKg8LloYKSqKYpLue86C0u%2FBzGs7t59jQIC1O4lCVsi%2B3AyoKyrszbM5grejLT%2FgJF75lnOWeqYEp40PeM39TI2cTWaBhzGiIfEOD1IwitRwv6QR5K5WaCJxs%2FTFZjEpov2%2FfjBT5Lc8dL6CE1TrNFNu79oz8RnIhenzJzs%2Ft%2FTgbWwjpiUrot9vIJT694XlM08KIRRUPrDMCX%2Bk8UnwxEAwCXq2GsKZFJrsx%2FZFjDm5ikIYBoOlNuXPqaXEiM66c5bNwAne4DCaJvg1yxOa%2BGQVLxa1HxtCkVyQ9OSOmDTDlLj4L56VaMC9E9Ox5DDY%2FYeS3USLn2L5u110qAE2CfxLB4rJ1zXloFvW%2FVC7pRSkjgXwIrIPbk%2FDiOS7zOk8joj0zXXTBw3YbnPlL80Z9y39%2BS8GDHCQb93jZLLMJRMUCIuA1xf4J%2FWMYgNFOxiKeeTNr9erhK0Yw%2FI8ZE%2BntQ%3D%3D&pdp_filters=item_id%3AMLB5217693736#polycard_client=search-desktop&is_advertising=true&searchVariation=MLB1040287790&backend_model=search-backend&be_origin=backend&overlay_label=not_apply&search_layout=grid&position=14&type=pad&tracking_id=1794fa04-bae6-48ea-a7c3-2ccbc4f420f6&wid=MLB5217693736&sid=search
mercadolivre;smartphone;iphone;iPhone 17 Pro 256GB - Prateado - Distribuidor Autorizado;8423;https://click1.mercadolivre.com.br/mclics/clicks/external/MLB/count?a=v0EI2R0CJ2ERRCQTT1WtVrS3r3dnmpZOvvREKo2o47FZs8DB7Xmj8i%2F2hcybBUg4U6%2F%2BRnbleUkDcsXIcOYVA1DBJtJ49snSnOc3Kbrw1zbueRsvDeDbBT6UJ4bQharP0XxW9uJRd6zy6v0XvSwbsWQhDz0uYAbh72jYdxHJC0NfsaPyFaySNcPI1LgLeJs6VLCJjA6Z7%2F5aLCRehyIgTSisKroZuzuSK1lzngCrXokk2dZC%2B96tnjRaSO1%2FjevNF9Vj2347ZnDnjvC6qcgmlgh1fUKijb5a5IAPv4PSEP26RD1bP9YigzjtN2%2B0zvllAnHNK0WbPfa4yNKAeSk%2F8RddsKWYw3Hhtgnbokd3qilwAc6WhZH6gGG%2FnhDTAqVJX5J3%2BaputcX8kesEEv9Dv0KMHgx4CB1D1lwsC0XmLoZq45Zl7WcPLbifZ%2FA4cWmQMAM34vo9YXdJuTVqN4KnZyrhFT4qD0K8lGKhL2hvna%2BHy%2FMqqun4TV2l9oMYyOBVBeOfkAsFqX9WLRooB80S4K7CR4e%2FbRWcinDuBs0Sy%2BgRkQqcsDNKwqjlJPZRaqRdTp29eVrqkrtofQp2fp%2FOs78BMcu9BHly3lofD9wh8%2FmtLfRlu2VOXtOhAye9am8LbvSuyZjfW9Q9%2BklR%2BlqyN593FLOTMe3Rr57tVpDkShdc1lYl1%2F2ugl2xflL9wlZlsa3qUX4Y%2BjICplObSGRI22ObV8EA%2FBF23VAzIz4I2hO6gX07saVNnUKxqqciJsMce6UfNZa7LclCnp%2FaO%2Bj0ahszUmTNwuDFBsvdiCvZaM4LIsWpW0%2Bp3G9UObLpqzQm60E0zWlUx2PJW%2BwudI22EQ%2FORT4yM5Fc8tT77dS%2FSBdPbLHisrEGHhqwHH1rzMWjMb6aguU7nb0%2Bg1gMoCsZCQKpdK0cM%2BhlrgmiO4FI7RAmDCIZ7o0r8u5ofGzrb%2Bt3Gc3oUBliBfw93E6Fx%2BKR7wszfgo%3D&pdp_filters=item_id%3AMLB4200151865#polycard_client=search-desktop&is_advertising=true&searchVariation=MLB1055308767&backend_model=search-backend&be_origin=backend&overlay_label=not_apply&search_layout=grid&position=15&type=pad&tracking_id=1794fa04-bae6-48ea-a7c3-2ccbc4f420f6&wid=MLB4200151865&sid=search
mercadolivre;smartphone;iphone;iPhone 17 256 GB - Sálvia - Distribuidor Autorizado;5598;https://click1.mercadolivre.com.br/mclics/clicks/external/MLB/count?a=eVZ4lhGpzVv0pbQBPLpcLKh%2BJf%2Fe2VHjkvJySoG6pYudJMuFTrj4BtQD%2FNSYhm%2F0cxYua2rw27yUEWNr0PYMr4JVPWiVpyd2ZLfYTTjzG4PqTfaAqdYYFmcrWqFOn9Jsn4piw4iPSw9BJNTxiBxQa9VCrQ6c2lT7AkqXQQZOTixmoULewdKEcuoPbSaNvljziYfL9sljki7fVlFVllOkMJeXq1k0ZEF3RePLQgDm6ZjFpIuh6OGxjEBsGGN7fcTP%2F6K2ILFBQXWsRqt3%2BjVXsYL1FZrckZLrPY18vGQcO8dkM87z1HqF1KyW2%2BmSfF%2Fhr4rLbNwJbrSnxYzxa%2BP7sp0CVLqwB%2BHELl%2BMoNfdZQTOLxcoRHlaJh5NZJ3f97HOYnmabXG7OAI06n3VTaQv7Wvb%2FnLNLQnN3OorNaCy12C5FCj3ndfQysxgwPt%2FrUmkfFZNMoMMSopnAEAoatyCrfi7aTHhZoG3BoyYqG%2FZFpv%2FrOLPehfaY66LrEBude7KqI4REBmSvXjF4n4OkpoYzSgpbqpLAqilT3QXfA%2F8txfBaxoTCGudEiFSqF5Q1hLrx1etIpr6SKXlmjJkB1bG8%2BUoiw7un5bmCMya%2FvSmSDNgbLkVpp92qLKT74jpOh9maUmmjsTYYt34%2BG9Iq3NhNkpei%2FfG%2FGqJ5KIif%2BMHWjYTI69fxxZUNBZ7LjO8b0k3OwcoXM1Tg8jVj8ihLox0OVZdPLWkISAfvrzdVnsa2AJXNcWavZuZk%2BWEPGKf7%2FoSXD%2F6S4PcfkeZdgrSMKJ0WqCpY7sag2NA%2F4kYlbVMcFusOKJsv1ka88NkWgxyNvp1yhTTp9huHHeivf%2FqFuUxhrdsXTzc1BdYmxAJgmJiYSut1hy%2FyNY3AQSgiGKYIaDl8sjpGgY1JeytvYN9nQ5QNAf158GBOp6u%2FiBcuCTRw4h67cGNmhZRdcbBTuqr53D4BhAsfvfTbpquqP624Hcy&pdp_filters=item_id%3AMLB6545162768#polycard_client=search-desktop&is_advertising=true&searchVariation=MLB1055308843&backend_model=search-backend&be_origin=backend&overlay_label=not_apply&search_layout=grid&position=16&type=pad&tracking_id=1794fa04-bae6-48ea-a7c3-2ccbc4f420f6&wid=MLB6545162768&sid=search
mercadolivre;smartphone;iphone;iPhone 17 Pro 256GB - Prateado - Distribuidor Autorizado;8423;https://www.mercadolivre.com.br/iphone-17-pro-256gb-prateado-distribuidor-autorizado/p/MLB1055308767#polycard_client=search-desktop&be_origin=backend&overlay_label=not_apply&search_layout=grid&position=17&type=product&tracking_id=1794fa04-bae6-48ea-a7c3-2ccbc4f420f6&wid=MLB4200151865&sid=search
mercadolivre;smartphone;iphone;Apple iPhone 15 (256 GB) - Azul - Distribuidor Autorizado;4501;https://www.mercadolivre.com.br/apple-iphone-15-256-gb-azul-distribuidor-autorizado/p/MLB1027172673#polycard_client=search-desktop&be_origin=backend&overlay_label=not_apply&search_layout=grid&position=18&type=product&tracking_id=1794fa04-bae6-48ea-a7c3-2ccbc4f420f6&wid=MLB4509857198&sid=search
mercadolivre;smartphone;iphone;Apple iPhone 15 (128 GB) - Azul - Distribuidor Autorizado;4299;https://www.mercadolivre.com.br/apple-iphone-15-128-gb-azul-distribuidor-autorizado/p/MLB1027172667#polycard_client=search-desktop&be_origin=backend&overlay_label=not_apply&search_layout=grid&position=19&type=product&tracking_id=1794fa04-bae6-48ea-a7c3-2ccbc4f420f6&wid=MLB4408547152&sid=search
mercadolivre;smartphone;iphone;iPhone 17 Pro 1TB - Azul-profundo - Distribuidor Autorizado;10224;https://www.mercadolivre.com.br/iphone-17-pro-1tb-azul-profundo-distribuidor-autorizado/p/MLB1055308823#polycard_client=search-desktop&be_origin=backend&overlay_label=not_apply&search_layout=grid&position=20&type=product&tracking_id=1794fa04-bae6-48ea-a7c3-2ccbc4f420f6&wid=MLB4199957663&sid=search
mercadolivre;smartphone;iphone;iPhone 17 Pro Max 512GB - Prateado - Distribuidor Autorizado;9803;https://www.mercadolivre.com.br/iphone-17-pro-max-512gb-prateado-distribuidor-autorizado/p/MLB1055308649#polycard_client=search-desktop&be_origin=backend&overlay_label=not_apply&search_layout=grid&position=21&type=product&tracking_id=1794fa04-bae6-48ea-a7c3-2ccbc4f420f6&wid=MLB5687348374&sid=search
mercadolivre;smartphone;iphone;iPhone 17 Pro 512GB - Azul-profundo - Distribuidor Autorizado;9719;https://www.mercadolivre.com.br/iphone-17-pro-512gb-azul-profundo-distribuidor-autorizado/p/MLB1055308802#polycard_client=search-desktop&be_origin=backend&overlay_label=not_apply&search_layout=grid&position=22&type=product&tracking_id=1794fa04-bae6-48ea-a7c3-2ccbc4f420f6&wid=MLB4200188179&sid=search
mercadolivre;smartphone;iphone;iPhone Air 512 GB - Preto-espacial - somente eSIM - Distribuidor Autorizado;7019;https://www.mercadolivre.com.br/iphone-air-512gb-preto-espacial-somente-esim-distribuidor-autorizado/p/MLB1054107104#polycard_client=search-desktop&be_origin=backend&overlay_label=not_apply&search_layout=grid&position=23&type=product&tracking_id=1794fa04-bae6-48ea-a7c3-2ccbc4f420f6&wid=MLB4200151873&sid=search
mercadolivre;smartphone;iphone;iPhone 17 Pro Max 1TB - Prateado - Distribuidor Autorizado;12104;https://www.mercadolivre.com.br/iphone-17-pro-max-1tb-prateado-distribuidor-autorizado/p/MLB1055308695#polycard_client=search-desktop&be_origin=backend&overlay_label=not_apply&search_layout=grid&position=24&type=product&tracking_id=1794fa04-bae6-48ea-a7c3-2ccbc4f420f6&wid=MLB4200201087&sid=search
mercadolivre;smartphone;iphone;iPhone 18 Pro 2 TB — Glacial - Distribuidor Autorizado;18899;https://click1.mercadolivre.com.br/mclics/clicks/external/MLB/count?a=rpWYdlrqGh5yvnAuzhjtwR%2BGqLq9fW0iMDViDkIU3fzAKuuV8Vs%2BnxGn0oYizSmHxsmiKaWmFzKv%2F%2FphUQSUnU1IjZNL8tw2lUrNzCzrEkUNIzLOELPuMds1QE9RfKVXzvglz8WPXpuQcXEWgxce5iOA4oq4xIFKKstVO%2FSwqgoIU6ZbclQS%2FN%2BH5Xg8DwCiipM07vNw%2Bk9OdcUUln9SHiQ%2FLXt%2FD4LfGDzQM7N40jKsYV7THQc0XLwXODUreabsRMrl7Q49RBr%2BLZaZ6fgxZw0mN4UEgOYqPbcafqOmk1HepZJ7UPKOC7B1IVZiar7XliTiJh1Jiw%2FGheyfSrFmUjCxY9fCdaRMNsEQaQ%2FZbfiwrUAQt%2BVxauQk34shXCMDer8JZm6RjiqdqkeFKdybsYn7ly6o09a8whSwGXEJfMTRFrWGD%2FUhT9mL79tA%2BhyHQBqTNjV3%2FPbJJDE1ReWoSIQm%2BQe%2BB1%2BjgXjmDk56iiPbDqyn42bWJOGEC%2FBht1eA4V7BPSETzXX34hswWBe4mcGMpeIcMEtyDjYgCRVaXHdGWfFMhUAX9BVfMPE89oyiyWYR95pvalPZ6goTPt41nLcWR%2BMYpD0g75f%2FnICcgLFk%2Bqp%2FaoRkxg%2B41WLmatF5hry3TekWKtUO%2ByGZR3CicR9%2FMixSCJbzdTbPzbaCdNrbq3HcKEywSN8HIqIrx7wMZ819zEdvtMpDRs9%2F9NFh%2FBiOmltn8cfMHFuAG6WgWYPhSqwVyHbWL4mVh%2FWAr%2F7rJq4i3z9hdeoD0jV40%2FpvZrw80nNY0A44yNJr%2BrBLb8EYvmxJbdOuPwvmqRtyML84E1P8rrrbKheYQIa%2B6wF7EX46Y16aTspmZBsKg2oySIAeuqqIiNy9rUPL6LC2YZlg2uGwg47acY43gR75RDXQ94%2FirdaS6qx%2FHQTzuozkPgRCp3K1CrfTLrzxXMEZ2ONLMHfIiwLoA2hk%2FiUu1hjqhJvnEGk%3D&pdp_filters=item_id%3AMLB7617590682#polycard_client=search-desktop&is_advertising=true&searchVariation=MLB1077855536&backend_model=search-backend&be_origin=backend&overlay_label=not_apply&search_layout=grid&position=25&type=pad&tracking_id=1794fa04-bae6-48ea-a7c3-2ccbc4f420f6&wid=MLB7617590682&sid=search
mercadolivre;smartphone;iphone;iPhone 18 Pro Max 1TB Glacial - Distribuidor Autorizado;15749;https://click1.mercadolivre.com.br/mclics/clicks/external/MLB/count?a=xc%2Bc62ZMaTmg%2BZAIplyDgo%2BNdZ9S7ySQxmOK4ujvr0rQFhKSlH2HUtq0FZUnRCTjiJoesHsMgreAZ4WMOE67uYOuSpQvypSlkXoYEWafEAVFWtHPw4KpMkl13xkl3PCjpZ%2Bq3BWQf4Hu9wRY2g0qQ9hTZ8cqraJZ6WPFcwgkbNKYmn5pj24qNYtmxNJQsCc2sDbd6YIS8jI0phPbBO8Dyu6dLsvfbMa898kp3pdOYwaEQW3FpW1xKwdt4i9KUPRAijtG6gkwtRZmjtSP81NiQB%2FgS1h2xl1VqjL60rzpXUUgj2bqdl2iYCtIUeYH6wqg4Ay8NHxiM1DO0WmHBe%2FFBFE5lU7AHt0CG6tkeeis07SC%2F198xO9EyvW8khloVTce6a%2BQk2fJ6OAT0VAdK9%2FS6rCKXleuY1jfQddcV5rx6%2B7UeWby12Ht%2FyMIZ9YpFtWOuDkK9cLQgCtSkrOfuzo3JbVruRdWv%2FI6QQuATKiakJiTJAF2DwBhDmIRXQyoWkJg8wCis1%2B5gY%2BHjfa53pB%2FORrjxwAtTjoA%2B7%2BNI3rjit3kfv7YQcRsJfA1UD6GDNCOF%2BxXokxGLRLFzMFtEn5VItj1I1GZJ7TiMY%2B3HHzg85uiHDajcUG2%2FWCQIxJPseAGMLvYe%2BOszdR%2F5J2UBNHPQlbz4JfQKqDJQh3fA25FIOujyXcjeXHwsbeeJgMtsOduMEDrNhZCf1%2BmgV52g%2FC54v6bWwMwVm6XXX3EpH6JFdAlZbhIjuR90P0X0xm7sDjESfl3rbFb12F3uAcY3ECe3%2BEHgqSEBwy0XfbxeTGo0aig8lpA%2BBgeYiyEA%2F2yXf%2BlU3QrFZw%2BS2bkgm3KE%2FPxZiobvyr5ZiehRqv2UWvEXXMlP5hV4Z%2FaqZlx%2BJSOO8Mgn6LXIURRC57BYqmLu9nOtFQqBBT50hfuaNOfaBT7BthhYz8szY9Z7Ll2He%2BGBFPRC6OgTR127aE%2B7goUaLVfNiBS7CYU&pdp_filters=item_id%3AMLB5214721245#polycard_client=search-desktop&is_advertising=true&searchVariation=MLB1077855641&backend_model=search-backend&be_origin=backend&overlay_label=not_apply&search_layout=grid&position=26&type=pad&tracking_id=1794fa04-bae6-48ea-a7c3-2ccbc4f420f6&wid=MLB5214721245&sid=search
mercadolivre;smartphone;iphone;Apple iPhone 15 (256 GB) - Azul - Distribuidor Autorizado;4501;https://click1.mercadolivre.com.br/mclics/clicks/external/MLB/count?a=xIxcCnhjv5PPF7cxLng179iltxvEsC3FXKb7SCIDtLNRxiQ%2BqJnTlpyLo1RUKuEyGFx1IB0whPeLdjmuLoAC41qQoBHyc%2Fe%2BDeRJBBlBBb3lZN8Xfwr8nhc8ozfmWcJ9CHl5XnZS%2BeGZwOTuO6hxJW5xxhFvwj%2B5ag0iya5QRhM02wMB3nJtxEAL6%2FqIIrtOKdTNiBYp0E0c3XDOB9MZsxd%2FsQSb5JC6G0G8KO6x0yLKBLgYpTq8F%2B5gKVSPY6XfjdiPxMKR7RvD91A2TrJLsUECTp5ofHpPZDHcDWEBBLzeatNTbl%2BNYqmAD5K7A65Cr2fegZWMXmX77jJKMaQ9PBjKt4qdNOMG7lJbHTef6OgG64TjkE11VjN9k1gUlal7ceK7MxHICmmDxVhlQR32Lkfq%2Fox3DuezrMFL6UHGPiFvKK%2BadxWIUfRiVFlA084GLZjNiQ8oxKn%2FseYgtPbimmtx7btjGdihqDEoxmFkPogy8B%2BAElqTID0tEjwSb4PNO0hrycJYFQf8RY9TnHwRoJt%2F3OF1pmw7smo3hOcYK0qt6iPljk2GveWwbxjmc6TCtfDilQmck0zU8lf%2FM6UjIYjy8FKlJtvVi%2Bkm9bPg1Y9Bg0K1rDfZi5iTBFKWhuakzyB6i3yhTeQ6tddvaJyEfpsyzb9XN6N%2B3PK90GyNsFf2wC4EfC0oxwJtk69IGyt9Qy3d8eVViVzeu91eul3dqBJyEcVbLgBuikkfbzs30y7%2FgiCoVEuT6aAvU3vv8lvAF8AISs2hPRyIaDLQUODZI235ZcDjlwjP21zo%2B2t%2FN8rNjdDmn%2Bazhi90YInH9us4rPPT9o0ZDUvsTeWDmaXYud5eXoo%2Fn19cChOrukTLQ7H8nkvsTH38TZDGXzBDEbi7VTyyNxJW9WHxM0TNgeEDpoP5aK1Osz88TR7nktHSpQUbeO3oxqGdxFC%2BPD8LeiiN2KXhmtWfxWI45iB8YTABpZM6bD4%3D&pdp_filters=item_id%3AMLB4509857198#polycard_client=search-desktop&is_advertising=true&searchVariation=MLB1027172673&backend_model=search-backend&be_origin=backend&overlay_label=not_apply&search_layout=grid&position=27&type=pad&tracking_id=1794fa04-bae6-48ea-a7c3-2ccbc4f420f6&wid=MLB4509857198&sid=search
mercadolivre;smartphone;iphone;iPhone 17e 256GB Rosa-palido - Distribuidor Autorizado;4229;https://click1.mercadolivre.com.br/mclics/clicks/external/MLB/count?a=ThDCmGjlmv%2BE79ourEj1cBT1lTK5RjDgQy%2BP9nUT4LA2So%2FPNUg%2BFlRwqSToBQ9cENxduIavkt4BTMFPFkvIp9HtgRLbyZyc8pECp3cj95N1DkthcASN3u8AmvY2nE5dYmsCied5XWWgDNhGD5X0FHMfACJ4NK5XQLYQjrXMgXIfjiIT%2Bf8sXga3m2g%2B4i0dfR02%2BWnygvQqWbKHxm8lEp7fkdyJsGYdqOcw5h0HMKuqbkc7N3WfO351BcdR16IkwXBJ5W%2B8olywAG6ySrazzXvwXn8BPp1hrrqI%2BrJj4W60ZqeGzcJPtzVjj9JOfIMZKCGQc5if4RlLeuoH8MJky0sdixwMs3U6iyh%2FdqPUn6Krn9Y8eP7bF11cPXFcPQMd80XUJXK6Ylg%2B42UgICWq3yXREK2iNQzpbixtsEAq8LW26ron9T8sGlrY3sVJo4tgO2e6m5pknwuS6uCHInsefmHhAw4diCmnNV%2FibsH%2BF1YFEyugwFUrHQKqkPoUiTTa24NZC7snoYDczHtthk4bGFjxnh2gh3LUSo%2B4Qe1qFTMD1yOo%2Fx2timyU6Rtuhjsr5f%2BySpup0H91BFYCkzzhvmMGUfD8mhYWtuEwweXurWM4%2Fxr3NB5jPGU685BNWByTrWF9rYSgq3F%2BNS%2BxlsAb%2BJssK7AHPVqDPQd4n8DrLjZhdxw5b14%2FTfpG3tePTkpHT5O5awkl%2FIaihNkVGbglfCugS1ixBTmnzQIib%2F8MQLv6zPcXBUy95lKaNVDgt8VDntEEIrBEKm8xCFrs45FViyLttz7jm7mOA28k5QDUR%2FkA8SsylP8AIsP%2FS3haMgjXMX8AHHzDGwMjgr6DywDojjCihVlUz5aRFvh4fTCRYlFaYVW1XxbFCNHQumAAkhfsgrnISE%2FSpnCP9JLAnlONTKxekNwpzN5vborIMLxBPa6Vjp9O%2B6miJ%2FdDILVar0ih2ygwbrYCOFF4f9xMnZ5cH8WAC%2BWCTw%3D%3D&pdp_filters=item_id%3AMLB6844711882#polycard_client=search-desktop&is_advertising=true&searchVariation=MLB1066130043&backend_model=search-backend&be_origin=backend&overlay_label=not_apply&search_layout=grid&position=28&type=pad&tracking_id=1794fa04-bae6-48ea-a7c3-2ccbc4f420f6&wid=MLB6844711882&sid=search
mercadolivre;smartphone;iphone;iPhone 18 Pro Max 1TB Glacial - Distribuidor Autorizado;15749;https://www.mercadolivre.com.br/iphone-18-pro-max-1tb-glacial-distribuidor-autorizado/p/MLB1077855641#polycard_client=search-desktop&be_origin=backend&overlay_label=not_apply&search_layout=grid&position=29&type=product&tracking_id=1794fa04-bae6-48ea-a7c3-2ccbc4f420f6&wid=MLB5214721245&sid=search
mercadolivre;smartphone;iphone;iPhone 18 Pro Max 512GB Glacial - Distribuidor Autorizado;13049;https://www.mercadolivre.com.br/iphone-18-pro-max-512gb-glacial-distribuidor-autorizado/p/MLB1077855627#polycard_client=search-desktop&be_origin=backend&overlay_label=not_apply&search_layout=grid&position=30&type=product&tracking_id=1794fa04-bae6-48ea-a7c3-2ccbc4f420f6&wid=MLB5215006929&sid=search
mercadolivre;smartphone;iphone;iPhone 18 Pro de 256 GB — Preto - Distribuidor Autorizado;10799;https://www.mercadolivre.com.br/iphone-18-pro-de-256-gb-preto-distribuidor-autorizado/p/MLB1077872085#polycard_client=search-desktop&be_origin=backend&overlay_label=not_apply&search_layout=grid&position=31&type=product&tracking_id=1794fa04-bae6-48ea-a7c3-2ccbc4f420f6&wid=MLB5210800959&sid=search
mercadolivre;smartphone;iphone;Apple iPhone 16 Pro Max (256 GB) - Titânio-preto;7199;https://www.mercadolivre.com.br/apple-iphone-16-pro-max-256-gb-titanio-preto/p/MLB40287862#polycard_client=search-desktop&float_highlight=last_units&be_origin=backend&overlay_label=not_apply&search_layout=grid&position=32&type=product&tracking_id=1794fa04-bae6-48ea-a7c3-2ccbc4f420f6&wid=MLB7131641962&sid=search
mercadolivre;smartphone;iphone;iPhone 18 Pro de 512 GB — Preto - Distribuidor Autorizado;12149;https://www.mercadolivre.com.br/iphone-18-pro-de-512-gb-preto-distribuidor-autorizado/p/MLB1077855525#polycard_client=search-desktop&be_origin=backend&overlay_label=not_apply&search_layout=grid&position=33&type=product&tracking_id=1794fa04-bae6-48ea-a7c3-2ccbc4f420f6&wid=MLB7616019070&sid=search
mercadolivre;smartphone;iphone;iPhone Air 512 GB - Preto-espacial - somente eSIM;7445;https://www.mercadolivre.com.br/iphone-air-512gb-preto-espacial-somente-esim/p/MLB54107104#polycard_client=search-desktop&be_origin=backend&overlay_label=not_apply&search_layout=grid&position=34&type=product&tracking_id=1794fa04-bae6-48ea-a7c3-2ccbc4f420f6&wid=MLB7472290606&sid=search
mercadolivre;smartphone;iphone;iPhone 18 Pro Max 2TB Glacial - Distribuidor Autorizado;19799;https://www.mercadolivre.com.br/iphone-18-pro-max-2tb-glacial-distribuidor-autorizado/p/MLB1077871087#polycard_client=search-desktop&be_origin=backend&overlay_label=not_apply&search_layout=grid&position=35&type=product&tracking_id=1794fa04-bae6-48ea-a7c3-2ccbc4f420f6&wid=MLB5214725521&sid=search
mercadolivre;smartphone;iphone;iPhone 17e 512GB Preto - Distribuidor Autorizado;5099;https://www.mercadolivre.com.br/iphone-17e-512gb-preto-distribuidor-autorizado/p/MLB1066130041#polycard_client=search-desktop&be_origin=backend&overlay_label=not_apply&search_layout=grid&position=36&type=product&tracking_id=1794fa04-bae6-48ea-a7c3-2ccbc4f420f6&wid=MLB7159822620&sid=search
mercadolivre;smartphone;iphone;iPhone Air 1 TB - Branco-nuvem - somente eSIM - Distribuidor Autorizado;7559;https://www.mercadolivre.com.br/iphone-air-1tb-branco-nuvem-somente-esim-distribuidor-autorizado/p/MLB1054107091#polycard_client=search-desktop&be_origin=backend&overlay_label=not_apply&search_layout=grid&position=37&type=product&tracking_id=1794fa04-bae6-48ea-a7c3-2ccbc4f420f6&wid=MLB4199957665&sid=search
mercadolivre;smartphone;iphone;iPhone 18 Pro 2 TB — Glacial - Distribuidor Autorizado;18899;https://www.mercadolivre.com.br/iphone-18-pro-2-tb-glacial-distribuidor-autorizado/p/MLB1077855536#polycard_client=search-desktop&be_origin=backend&overlay_label=not_apply&search_layout=grid&position=38&type=product&tracking_id=1794fa04-bae6-48ea-a7c3-2ccbc4f420f6&wid=MLB7617590682&sid=search
mercadolivre;smartphone;iphone;iPhone 18 Pro 1 TB — Preto - Distribuidor Autorizado;14849;https://www.mercadolivre.com.br/iphone-18-pro-1-tb-preto-distribuidor-autorizado/p/MLB1079055543#polycard_client=search-desktop&be_origin=backend&overlay_label=not_apply&search_layout=grid&position=39&type=product&tracking_id=1794fa04-bae6-48ea-a7c3-2ccbc4f420f6&wid=MLB5210801853&sid=search
mercadolivre;smartphone;iphone;Apple iPhone 16 Pro (256 GB) - Titânio-preto;7599;https://www.mercadolivre.com.br/apple-iphone-16-pro-256-gb-titanio-preto/p/MLB40287834#polycard_client=search-desktop&be_origin=backend&overlay_label=not_apply&search_layout=grid&position=40&type=product&tracking_id=1794fa04-bae6-48ea-a7c3-2ccbc4f420f6&wid=MLB5199368353&sid=search
mercadolivre;smartphone;iphone;Apple iPhone 12 (128 GB) - Roxo - Distribuidor Autorizado;7199;https://www.mercadolivre.com.br/apple-iphone-12-128-gb-roxo-distribuidor-autorizado/p/MLB1017935586#polycard_client=search-desktop&float_highlight=last_unit&be_origin=backend&overlay_label=not_apply&search_layout=grid&position=41&type=product&tracking_id=1794fa04-bae6-48ea-a7c3-2ccbc4f420f6&wid=MLB1963872159&sid=search
mercadolivre;smartphone;iphone;Apple iPhone 15 (128 GB) - Preto;3899;https://www.mercadolivre.com.br/apple-iphone-15-128-gb-preto/p/MLB27172677#polycard_client=search-desktop&be_origin=backend&overlay_label=not_apply&search_layout=grid&position=42&type=product&tracking_id=1794fa04-bae6-48ea-a7c3-2ccbc4f420f6&wid=MLB4505645691&sid=search
mercadolivre;smartphone;iphone;Apple iPhone 14 Plus (128 Gb) - Estelar (Novo com caixa aberta);2739;https://www.mercadolivre.com.br/apple-iphone-14-plus-128-gb-estelar-novo-com-caixa-aberta/p/MLB2016202762#polycard_client=search-desktop&float_highlight=last_unit&be_origin=backend&overlay_label=not_apply&search_layout=grid&position=43&type=product&tracking_id=1794fa04-bae6-48ea-a7c3-2ccbc4f420f6&wid=MLB7356126326&sid=search
mercadolivre;smartphone;iphone;iPhone 17e (esim) 512GB Branco - Distribuidor Autorizado;5099;https://www.mercadolivre.com.br/iphone-17e-esim-512gb-branco-distribuidor-autorizado/p/MLB1066131406#polycard_client=search-desktop&be_origin=backend&overlay_label=not_apply&search_layout=grid&position=44&type=product&tracking_id=1794fa04-bae6-48ea-a7c3-2ccbc4f420f6&wid=MLB4888315303&sid=search
mercadolivre;smartphone;iphone;iPhone 17 Pro Max 256GB - Laranja-cósmico;8230;https://www.mercadolivre.com.br/iphone-17-pro-max-256gb-laranja-cosmico/p/MLB55308620#polycard_client=search-desktop&float_highlight=last_unit&be_origin=backend&overlay_label=not_apply&search_layout=grid&position=45&type=product&tracking_id=1794fa04-bae6-48ea-a7c3-2ccbc4f420f6&wid=MLB4239531405&sid=search
mercadolivre;smartphone;iphone;Apple iPhone 14 (128 GB) - Estelar;3199;https://www.mercadolivre.com.br/apple-iphone-14-128-gb-estelar/p/MLB19615378#polycard_client=search-desktop&float_highlight=last_units&be_origin=backend&overlay_label=not_apply&search_layout=grid&position=46&type=product&tracking_id=1794fa04-bae6-48ea-a7c3-2ccbc4f420f6&wid=MLB4469971111&sid=search
mercadolivre;smartphone;iphone;Apple Iphone 14 128gb Meia-noite - Excelente (Recondicionado);2159;https://www.mercadolivre.com.br/apple-iphone-14-128gb-meia-noite-excelente-recondicionado/p/MLB2000081745#polycard_client=search-desktop&be_origin=backend&overlay_label=not_apply&search_layout=grid&position=47&type=product&tracking_id=1794fa04-bae6-48ea-a7c3-2ccbc4f420f6&wid=MLB7209401644&sid=search
mercadolivre;smartphone;iphone;iPhone 17 256 GB 8 GB Preto;5999;https://www.mercadolivre.com.br/iphone-17-256gb-8-gb-preto/p/MLB55308917#polycard_client=search-desktop&be_origin=backend&overlay_label=not_apply&search_layout=grid&position=48&type=product&tracking_id=1794fa04-bae6-48ea-a7c3-2ccbc4f420f6&wid=MLB7663624850&sid=search
mercadolivre;smartphone;iphone;iPhone Air 256 GB - Azul-céu - somente eSIM - Distribuidor Autorizado;8279;https://www.mercadolivre.com.br/iphone-air-256gb-azul-ceu-somente-esim-distribuidor-autorizado/p/MLB1054107097#polycard_client=search-desktop&be_origin=backend&overlay_label=not_apply&search_layout=grid&position=49&type=product&tracking_id=1794fa04-bae6-48ea-a7c3-2ccbc4f420f6&wid=MLB5834878582&sid=search
mercadolivre;smartphone;iphone;Apple iPhone 11 (128 GB) - Preto - Aceitável (Recondicionado);1237;https://www.mercadolivre.com.br/apple-iphone-11-128-gb-preto-aceitavel-recondicionado/p/MLB2000074287#polycard_client=search-desktop&float_highlight=last_units&be_origin=backend&overlay_label=not_apply&search_layout=grid&position=50&type=product&tracking_id=1794fa04-bae6-48ea-a7c3-2ccbc4f420f6&wid=MLB7369768144&sid=search
mercadolivre;smartphone;iphone;iPhone 17 Pro 256GB - Azul-profundo;7819;https://www.mercadolivre.com.br/iphone-17-pro-256gb-azul-profundo/p/MLB55308781#polycard_client=search-desktop&be_origin=backend&overlay_label=not_apply&search_layout=grid&position=51&type=product&tracking_id=1794fa04-bae6-48ea-a7c3-2ccbc4f420f6&wid=MLB7663936022&sid=search
mercadolivre;smartphone;iphone;Apple iPhone 16 Pro Max (256 GB) - Titânio natural (Novo com caixa aberta);6500;https://www.mercadolivre.com.br/apple-iphone-16-pro-max-256-gb-titanio-natural-novo-com-caixa-aberta/p/MLB2016212240#polycard_client=search-desktop&be_origin=backend&overlay_label=not_apply&search_layout=grid&position=52&type=product&tracking_id=1794fa04-bae6-48ea-a7c3-2ccbc4f420f6&wid=MLB7640840008&sid=search
mercadolivre;smartphone;iphone;iPhone 17 256 GB - Sálvia (Novo com caixa aberta);5594;https://www.mercadolivre.com.br/iphone-17-256gb-salvia-novo-com-caixa-aberta/p/MLB2038826936#polycard_client=search-desktop&be_origin=backend&overlay_label=not_apply&search_layout=grid&position=53&type=product&tracking_id=1794fa04-bae6-48ea-a7c3-2ccbc4f420f6&wid=MLB7656880676&sid=search
mercadolivre;smartphone;iphone;iPhone 8 Plus 256 GB dourado - Excelente (Recondicionado);1599;https://www.mercadolivre.com.br/iphone-8-plus-256-gb-dourado-excelente-recondicionado/p/MLB2000138530#polycard_client=search-desktop&be_origin=backend&overlay_label=not_apply&search_layout=grid&position=54&type=product&tracking_id=1794fa04-bae6-48ea-a7c3-2ccbc4f420f6&wid=MLB5241013190&sid=search
mercadolivre;smartphone;iphone;Apple iPhone 13 (128gb) preto - Excelente (Recondicionado);2157;https://www.mercadolivre.com.br/apple-iphone-13-128gb-preto-excelente-recondicionado/p/MLB2085849341#polycard_client=search-desktop&be_origin=backend&overlay_label=not_apply&search_layout=grid&position=55&type=product&tracking_id=1794fa04-bae6-48ea-a7c3-2ccbc4f420f6&wid=MLB5180103253&sid=search
mercadolivre;smartphone;iphone;Apple iPhone 15 Pro Max (256 GB) - Titânio Branco;6299;https://www.mercadolivre.com.br/apple-iphone-15-pro-max-256-gb-titanio-branco/p/MLB27172715#polycard_client=search-desktop&be_origin=backend&overlay_label=not_apply&search_layout=grid&position=56&type=product&tracking_id=1794fa04-bae6-48ea-a7c3-2ccbc4f420f6&wid=MLB7663424026&sid=search
mercadolivre;smartphone;iphone;Apple iPhone 11 (128 GB) - Branco - Aceitável (Recondicionado);1073;https://www.mercadolivre.com.br/apple-iphone-11-128-gb-branco-aceitavel-recondicionado/p/MLB2000052153#polycard_client=search-desktop&be_origin=backend&overlay_label=not_apply&search_layout=grid&position=57&type=product&tracking_id=1794fa04-bae6-48ea-a7c3-2ccbc4f420f6&wid=MLB7451233416&sid=search
mercadolivre;smartphone;iphone;Apple iPhone 16 (128 GB) - Preto;4840;https://www.mercadolivre.com.br/apple-iphone-16-128-gb-preto/p/MLB40287808#polycard_client=search-desktop&float_highlight=last_unit&be_origin=backend&overlay_label=not_apply&search_layout=grid&position=58&type=product&tracking_id=1794fa04-bae6-48ea-a7c3-2ccbc4f420f6&wid=MLB5778712798&sid=search
mercadolivre;smartphone;iphone;iPhone SE (2nd Generation) 64 GB preto - Bom (Recondicionado);675;https://www.mercadolivre.com.br/iphone-se-2nd-generation-64-gb-preto-bom-recondicionado/p/MLB2000030331#polycard_client=search-desktop&be_origin=backend&overlay_label=not_apply&search_layout=grid&position=59&type=product&tracking_id=1794fa04-bae6-48ea-a7c3-2ccbc4f420f6&wid=MLB7665726702&sid=search
mercadolivre;smartphone;iphone;iPhone 8 64 GB cinza-espacial - Bom (Recondicionado);550;https://www.mercadolivre.com.br/iphone-8-64-gb-cinza-espacial-bom-recondicionado/p/MLB2000126300#polycard_client=search-desktop&be_origin=backend&overlay_label=not_apply&search_layout=grid&position=60&type=product&tracking_id=1794fa04-bae6-48ea-a7c3-2ccbc4f420f6&wid=MLB5014220989&sid=search
